Company_Name,Ticker,Current_Price,Market_Cap,Enterprise_Value,PER,Forward_PER,PEG_Ratio,PBV,PS_Ratio,PC_Ratio,EV_EBITDA,EV_Revenue,Gross_Margin,Operating_Margin,Net_Profit_Margin,ROA,ROE,ROIC,Revenue_Growth_YoY,Earnings_Growth_YoY,Current_Ratio,Quick_Ratio,Debt_to_Equity,Debt_to_Assets,Interest_Coverage,Dividend_Yield,Dividend_Rate,Payout_Ratio,Beta,52_Week_High,52_Week_Low,Avg_Volume,Shares_Outstanding,Float_Shares,EPS_TTM,Book_Value_Per_Share,Revenue_Per_Share,Free_Cash_Flow_Per_Share,EBITDA,Total_Revenue,Net_Income,Total_Debt,Total_Cash,Free_Cash_Flow,Operating_Cash_Flow,Sector,Industry,Detailed_Industry,analyst_target,analyst_recommendation,short_interest,institutional_ownership
PT Bank BTPN Syariah Tbk,BTPS.JK,1000.0,7703700176896,6046524375040,6.369,5.5081,0.41,0.7495,1.934,,,1.518,,,25.3647,5.2799,,,0.034,0.028,,,,0.1297,,1220.0,120.2,0.4713,0.377,1630.0,955.0,6813670,7703700000,2310570741.0,157.01,1334.199,517.071,,,3983356985344,1209873989632,27204999168,1571359948800,,1494925967360,Financial Services,Banks - Regional,Banking,1494.375,strong_buy,,0.17611
PT Bank CIMB Niaga Tbk,BNGA.JK,1690.0,42732273795072,28052069285888,6.216,5.9734,,0.7333,2.4063,,,1.58,,,35.3776,1.8451,,,0.063,-0.049,,,,3.3316,,969.0,161.77,0.5693,0.147,1920.0,1640.0,5934372,0,71901884.0,271.88,2304.64,706.395,,,17758861393920,6876536766464,24529900404736,38679825350656,,-6691461005312,Financial Services,Banks - Regional,Banking,2146.0,strong_buy,,0.02088
PT Bank Central Asia Tbk,BBCA.JK,6025.0,740329351282688,621586725994496,12.8993,12.4876,1.92,2.857,6.8152,,,5.722,,,50.3302,3.6259,,,0.025,0.037,,,,0.151,,565.0,336.0,0.6531,0.013,9800.0,5800.0,159117422,122876240600,48242440822.0,467.08,2108.889,882.093,,,108629243985920,58075281096704,2733053050880,112486367887360,,-5334070984704,Financial Services,Banks - Regional,Banking,8965.869,strong_buy,,0.18818001
PT Bank Danamon Indonesia Tbk,BDMN.JK,4080.0,39876095377408,89737964552192,10.0401,11.4807,0.5,1.3585,2.0671,,,4.652,,,17.5014,1.4402,,,0.273,0.494,,,,7.2026,,349.0,142.19,0.2802,,4800.0,2310.0,7595288,22400000,1287445760.0,406.37,3003.4,1973.832,,,19291221000192,4263605960704,27799226155008,14493445783552,,-8756219871232,Financial Services,Banks - Regional,Banking,2590.0,none,,0.00347
PT Bank Jago Tbk,ARTO.JK,1240.0,17188050173952,17405919100928,58.3804,45.4545,0.92,1.9274,7.9015,,,8.002,,,10.7664,0.7567,,,0.266,0.408,,,,0.1396,,,,0.0,0.803,2440.0,1225.0,4457166,13861330900,3849846044.0,21.24,643.37,156.932,,,2175290966016,301738000384,3213250002944,2926074920960,,-2351304015872,Financial Services,Banks - Regional,Banking,2079.8572,buy,,0.109189995
PT Bank Mandiri (Persero) Tbk,BMRI.JK,4590.0,428400002990080,523806158356480,7.6064,6.9181,1.71,1.4034,2.9481,,,3.605,,,40.1603,1.9892,,,0.015,0.167,,,,7.7315,,1058.0,476.96,0.9386,0.016,5575.0,4010.0,157816661,93333333331,37565169093.0,603.44,3270.589,1557.516,,,145312534495232,58480819961856,276390641401856,182100674215936,,-255023564980224,Financial Services,Banks - Regional,Banking,5724.9546,buy,,0.2518
PT Bank Negara Indonesia (Persero) Tbk,BBNI.JK,3910.0,145674083500032,115605495611392,7.1742,5.7965,2.94,0.8483,2.8697,,,2.277,,,34.6067,1.4714,,,0.078,0.052,,,,5.1805,,912.0,349.41,1.3275,0.203,4730.0,3510.0,64536064,578683733,15056179278.0,545.01,4609.364,1361.015,,,50762184916992,20320993935360,79809694662656,111583057412096,,-148624340156416,Financial Services,Banks - Regional,Banking,4825.773,buy,,0.16153
PT Bank OCBC NISP Tbk,NISP.JK,1345.0,30861424590848,49240172658688,6.0211,,,0.7037,2.4263,,,3.871,,,38.6333,1.6413,,,-0.036,0.053,,,,0.5952,,336.0,45.0,0.4745,,1590.0,1300.0,5962938,22945296972,3418619796.0,223.38,1911.344,554.333,,,12719562424320,5126397886464,23953714184192,5460503035904,,6067804176384,Financial Services,Banks - Regional,Banking,,none,,0.88644
PT Bank Pan Indonesia Tbk,PNBN.JK,1035.0,24914388058112,26690736619520,9.1707,8.9371,0.36,0.4532,2.5489,,,2.731,,,26.4422,1.1588,,,0.336,0.149,,,,4.0333,,412.0,42.0,0.3676,-0.374,1580.0,935.0,5791933,24071873098,3632927088.0,112.86,2283.786,406.059,,,9774751023104,2750043914240,16820774895616,18481347035136,,-5473180844032,Financial Services,Banks - Regional,Banking,1130.0,none,,0.0159
PT Bank Pembangunan Daerah Jawa Barat dan Banten Tbk,BJBR.JK,895.0,9416691679232,37883402518528,8.0842,4.3659,0.42,0.5543,1.0368,,,4.171,,,10.5024,0.5208,,,0.005,0.029,,,,13.53,,967.0,85.54,0.7702,0.125,895.0,745.0,4398487,3106729025,2458019674.0,110.71,1614.596,863.243,,,9082726514688,1164546015232,37300675280896,12402762448896,,6051375087616,Financial Services,Banks - Regional,Banking,,none,,0.030869998
PT Bank Pembangunan Daerah Jawa Timur Tbk,BJTM.JK,590.0,8859143897088,10965564260352,5.4173,6.6516,,0.649,1.3968,,,1.729,,,19.0018,0.9153,,,0.204,0.38,,,,4.7153,,943.0,54.71,0.5315,0.231,605.0,472.0,9965961,3081350100,,108.91,909.076,422.404,,,6342610780160,1545518055424,14615735959552,21208233934848,,-12558014611456,Financial Services,Banks - Regional,Banking,,none,,0.049879998
PT Bank Permata Tbk,BNLI.JK,3460.0,125187341156352,113511304790016,33.9016,,,2.7167,11.3658,,,10.306,,,28.8813,1.3369,,,0.093,0.166,,,,4.2296,,108.0,35.0,0.2941,0.885,6500.0,2170.0,73137,26880234,26774171.0,102.06,1273.591,304.422,,,11014401687552,3718664945664,14561472151552,18277617106944,,-1460476051456,Financial Services,Banks - Regional,Banking,,none,,0.89189005
PT Bank Rakyat Indonesia (Persero) Tbk,BBRI.JK,3250.0,492566747283456,606753519566848,8.3548,7.3832,1.61,1.5105,3.3861,,,4.171,,,30.3154,2.653,,,0.163,0.143,,,,8.0383,,1323.0,418.0,0.8879,0.238,4450.0,2980.0,229488866,151559001603,69902904437.0,389.0,2151.614,966.034,,,145467623079936,58523543142400,245416847212544,121338605862912,,-152577001914368,Financial Services,Banks - Regional,Banking,4104.048,buy,,0.19848
PT Bank SMBC Indonesia Tbk,BTPN.JK,2050.0,21824188448768,60574197088256,43.5892,8.7753,0.41,0.454,2.0941,,,5.812,,,2.7787,0.2056,,,0.052,-0.102,,,,20.0591,,47.0,9.5,1.1244,0.197,2530.0,1900.0,90561,10645945748,936813860.0,47.03,4515.531,979.381,,,10421817835520,451665002496,53274556235776,20202733436928,,-2949579014144,Financial Services,Banks - Regional,Banking,,none,,0.03864
PT Bank Syariah Indonesia Tbk,BRIS.JK,1910.0,88106883612672,51032377786368,11.6407,10.517,,1.6959,3.7162,,,2.152,,,31.4739,1.6588,,,0.075,0.053,,,,2.0269,,126.0,22.78,0.1389,-0.04,3030.0,1735.0,15461455,46129260138,4564951583.0,164.08,1126.246,513.963,,,23708731179008,7567523184640,2712051908608,35404279447552,,-4523868815360,Financial Services,Banks - Regional,Banking,3176.25,none,,0.051810004
PT Bank Tabungan Negara (Persero) Tbk,BBTN.JK,1390.0,19507877773312,55027850805248,5.2661,4.8928,0.6,0.5306,1.1732,,,3.309,,,16.4899,0.6634,,,0.133,0.234,,,,9.0224,,398.0,53.57,0.2029,0.439,1505.0,1055.0,33337846,14034444412,5085100244.0,263.95,2619.916,1184.881,,,16628619149312,3705423003648,51561862529024,15550701895680,,-33596804956160,Financial Services,Banks - Regional,Banking,1463.8462,buy,,0.14187
PT GoTo Gojek Tokopedia Tbk,GOTO.JK,50.0,53100509396992,34780695494656,-9.3985,-9.3985,,1.6554,2.7325,,85.336,1.79,57.723,-2.0645,-6.4712,-2.5912,,-0.8619,0.263,,2.651,2.489,27.754,16.921,-0.7236,,,0.0,0.525,87.0,50.0,4293226064,1062010200395,819967674416.0,-0.61,30.205,18.349,-0.3092,407571988480.0,19432797634560,-644382982144,7999311052800,23030281535488,-328396111872.0,1068332023808,Technology,Software - Infrastructure,Consumer Finance,82.66522,buy,,0.14973
PT Indofood Sukses Makmur Tbk,INDF.JK,7125.0,62560535576576,124141936050176,5.726,5.4807,0.43,0.8553,0.5066,,4.511,1.005,33.356,19.2012,8.652,4.9016,,10.8039,0.127,,2.132,1.62,62.456,34.3875,5.8284,415.0,280.0,0.2301,-0.025,8825.0,5900.0,21155485,8780426500,4382925496.0,1244.32,8330.727,14064.603,1219.3183,27516905455616.0,123493211439104,10684652847104,75094315499520,57308172255232,10706135023616.0,19540729659392,Consumer Defensive,Packaged Foods,Consumer Finance,8817.857,strong_buy,,0.15317
Perusahaan Perseroan (Persero) PT Telekomunikasi Indonesia Tbk,TLKM.JK,2940.0,291242906746880,349772338692096,13.41,11.2596,20.37,2.1237,1.9763,,5.682,2.374,67.9383,28.4629,15.7441,7.8888,,15.3423,-0.009,-0.187,0.772,0.666,50.111,25.6715,8.1756,733.0,212.47,0.969,0.072,3990.0,2530.0,111522337,99062216599,47372696337.0,219.24,1384.397,1487.6,284.0803,61553000841216.0,147364991991808,21758000234496,77677998374912,33053999104000,28141623967744.0,65249998798848,Communication Services,Telecom Services,Consumer Finance,3884.2856,buy,,0.28084
PT Astra Otoparts Tbk,AUTO.JK,2620.0,12627700875264,9537757118464,5.5982,6.329,,0.7792,0.623,,5.575,0.471,16.9099,6.3593,11.0767,9.7501,,5.5977,0.074,0.106,2.216,1.606,3.318,2.6419,33.7168,884.0,229.0,0.4103,0.096,2940.0,1940.0,3135205,4819733000,963946600.0,468.01,3362.547,4205.458,162.4775,1710693941248.0,20269185892352,2258395987968,580313022464,4808806760448,783098118144.0,1978013974528,Consumer Cyclical,Auto Parts,Consumer Goods & Retail,3291.6667,strong_buy,,0.02797
PT Cikarang Listrindo Tbk,POWR.JK,745.0,11809366999040,11650887319552,9.2939,9.1862,,16555.555,21335.965,,70268.125,21049.64,43.9876,19.7969,13.0184,6.0477,,7.7137,0.025,4.382,7.794,6.52,48.196,28.922,4.7332,949.0,69.79,0.9239,0.05,770.0,670.0,4374083,15851499100,2152158033.0,80.16,0.045,0.035,0.004,165806144.0,553495808,72056312,344594432,309290304,62835244.0,155253568,Utilities,Utilities - Independent Power Producers,Consumer Goods & Retail,867.9,none,,0.05689
PT Delta Djakarta Tbk,DLTA.JK,2000.0,1601318158336,962860089344,10.6918,,,2.1195,2.374,,4.489,1.427,69.4938,24.7709,22.2253,13.3082,,16.3274,0.16,0.408,2.865,2.537,0.876,0.5884,330.5698,860.0,172.0,0.9198,0.137,2330.0,1910.0,63605,800659050,123397573.0,187.06,943.626,842.466,217.4886,214471360512.0,674527838208,149915533312,6627923968,646020071424,174134214656.0,270349877248,Consumer Defensive,Beverages - Brewers,Consumer Goods & Retail,,none,,0.01417
PT Hanjaya Mandala Sampoerna Tbk,HMSP.JK,765.0,88983325376512,80360943648768,12.9705,11.4607,,3.1387,1.8602,,7.682,1.68,18.3803,8.2769,5.8923,12.8183,,24.0105,-0.063,0.072,1.957,0.742,1.217,0.665,333.3944,735.0,56.2,0.9525,0.635,1000.0,510.0,44020298,116318076900,8794809794.0,58.98,243.735,411.243,77.5869,10460499804160.0,47835047264256,6747364261888,370210996224,8992595116032,9024761233408.0,11009904345088,Consumer Defensive,Tobacco,Consumer Goods & Retail,873.3333,buy,,0.00156
PT Indofood CBP Sukses Makmur Tbk,ICBP.JK,7150.0,83382646079488,116887123918848,9.1194,7.8957,1.53,1.6185,1.0917,,6.86,1.53,35.2172,21.207,12.3244,6.8058,,10.3052,0.076,-0.03,4.224,3.462,62.219,34.9934,7.3727,368.0,250.0,0.3189,,11475.0,6650.0,5962616,11661908000,2270223630.0,784.04,4417.78,6550.391,534.3416,17039159721984.0,76380859531264,9142118907904,47920799809536,32759546380288,6231442325504.0,12648452194304,Consumer Defensive,Packaged Foods,Consumer Goods & Retail,10376.75,buy,,0.08178
PT Multi Bintang Indonesia Tbk,MLBI.JK,5875.0,12378625277952,11234059485184,10.1419,9.9139,,7.8034,3.4091,,6.011,3.094,63.7621,43.6224,33.4039,34.2339,,83.7397,0.132,0.179,1.051,0.859,6.596,3.0917,147.8365,923.0,542.0,0.9361,,6550.0,5000.0,256477,2107000000,225048670.0,579.28,752.881,1726.771,535.7015,1868795478016.0,3631104917504,1217522958336,104687001600,1249950040064,1128722989056.0,1553310023680,Consumer Defensive,Beverages - Brewers,Consumer Goods & Retail,8650.0,none,,0.02595
PT Unilever Indonesia Tbk,UNVR.JK,1835.0,69695562579968,53240360075264,18.9312,17.2722,2.51,15.5741,2.1818,,10.531,1.667,46.9489,14.3755,23.9209,38.1727,,63.3959,,,0.741,0.524,14.409,3.2214,38.8535,873.0,134.0,1.4409,0.366,2840.0,1305.0,25084994,37981233300,5557034244.0,96.93,117.824,838.697,156.983,5055656230912.0,31943460651008,3537296949248,644841013248,5705674260480,5962408656896.0,5797495963648,Consumer Defensive,Household & Personal Products,Consumer Goods & Retail,2220.5557,buy,,0.03565
PT XLSMART Telecom Sejahtera Tbk,EXCL.JK,3180.0,57875565117440,116936935473152,18.941,18.941,2.2,1.9399,1.3635,,10.668,2.755,59.3908,-0.5493,-10.4288,-3.8386,,-0.2234,0.318,,0.472,0.253,209.363,54.4813,-0.0591,511.0,159.0,0.3827,-0.111,4550.0,2120.0,24083153,18199862451,6040170350.0,-275.86,1639.255,2646.602,521.6147,10961173872640.0,42445958021120,-4426618109952,62827016486912,2666146037760,9493315321856.0,17501452763136,Communication Services,Telecom Services,Consumer Goods & Retail,3163.75,buy,,0.02953
PT Astra Agro Lestari Tbk,AALI.JK,8475.0,16311734239232,13435757658112,10.4058,13.9094,1.3,0.6925,0.5693,,3.66,0.469,16.1629,9.0728,5.136,5.4413,,8.3037,0.182,0.159,4.331,1.997,,,18.8955,565.0,458.0,0.3768,0.215,9000.0,5600.0,1286450,1924688333,391000435.0,814.45,12238.936,14887.942,911.7495,3671146102784.0,28654648164352,1471714033664,0,2755714875392,1754833616896.0,4210589958144,Consumer Defensive,Farm Products,Energy & Mining,8415.0,hold,,0.025339998
PT Indo Tambangraya Megah Tbk,ITMG.JK,25825.0,29024384450560,29417036316672,8.7158,6.2755,0.25,15290.112,15429.418,,98419.3,15638.151,25.6677,14.1771,10.1504,7.9358,,10.349,-0.209,-0.403,3.761,2.84,4.647,3.6859,29.5333,661.0,1730.0,1.0505,-0.622,30700.0,20900.0,3920581,1123887100,386448579.0,2963.01,1.689,1.665,0.1182,298895008.0,1881106944,190940000,88685000,807945984,132897504.0,285480000,Energy,Thermal Coal,Energy & Mining,28651.46,buy,,0.080369994
PT United Tractors Tbk,UNTR.JK,29400.0,103691055005696,115575984488448,8.6878,5.9159,0.43,1.0743,0.8256,,3.91,0.92,22.6225,16.8051,11.2798,8.3375,,14.1871,-0.167,-0.794,1.16,0.767,25.751,10.6493,16.9758,747.0,2192.0,0.6059,-0.208,32825.0,20900.0,4099216,3526906636,1352420849.0,3384.06,27366.648,34821.902,1344.805,29559042867200.0,125594113146880,12265761800192,26069287567360,20562638274560,4743001800704.0,18823956660224,Basic Materials,Other Industrial Metals & Mining,Energy & Mining,33484.21,buy,,0.13726
PT Alamtri Resources Indonesia Tbk,ADRO.JK,2520.0,72577246560256,72864849985536,8.4267,4.8803,0.85,16153.846,36976.12,,88382.49,37122.645,33.9806,28.2615,23.8958,6.5673,,7.1119,0.234,0.749,4.321,3.945,19.536,12.0473,44.8186,935.0,236.52,1.1035,,2700.0,1625.0,88976042,28800494200,11630215568.0,299.05,0.156,0.068,-0.0008,824426240.0,1962813952,499134016,1059564992,1987622016,-22467000.0,708364992,Energy,Thermal Coal,Financial Services,2700.2104,buy,,0.100880004
PT Astra Graphia Tbk,ASGR.JK,1615.0,2178280587264,321670905856,7.4342,,,1.0412,0.7191,,0.673,0.106,24.228,9.3322,9.0484,8.6768,,10.4232,0.053,0.475,3.118,2.837,1.294,0.7754,100.5067,1511.0,241.0,0.3683,0.404,1940.0,835.0,2181575,1348780500,312026881.0,217.24,1551.117,2245.615,291.8458,477692985344.0,3029333966848,292977999872,27968999424,1857607958528,393635987456.0,425415999488,Industrials,Specialty Business Services,Financial Services,,none,,0.01512
PT Bukalapak.com Tbk.,BUKA.JK,148.0,13639725613056,-5690244464640,5.7077,34.1014,,0.6034,2.0952,,2.117,-0.874,7.9766,-2.69,48.2648,12.0705,,-0.5507,0.681,,37.072,36.373,0.446,0.4338,-9.3103,,,0.0,0.307,198.0,120.0,139297366,92160315160,54332549434.0,25.93,245.288,66.119,-21.5219,-2687712886784.0,6510030618624,3142054838272,112910934016,21184628391936,-1983466700800.0,302411055104,Consumer Cyclical,Internet Retail,Financial Services,207.4,buy,,0.072919995
PT Elang Mahkota Teknologi Tbk,EMTK.JK,795.0,48640089391104,40498597199872,17.2339,121.0046,,1.2855,2.544,,24.601,2.118,26.4413,4.66,35.5094,11.1721,,1.2943,0.525,-0.657,6.079,5.475,4.01,3.523,6.3739,461.0,38.0,0.3416,0.38,1700.0,464.0,41297859,61182504933,17412540904.0,46.13,618.434,313.279,-4.7199,1646196031488.0,19119724298240,6789292097536,2140948004864,27672035983360,-288773636096.0,2143677054976,Communication Services,Broadcasting,Financial Services,,none,,0.03737
PT Medikaloka Hermina Tbk,HEAL.JK,1020.0,15625415032832,21701658148864,38.2739,20.7107,3.63,2.761,2.1904,,12.281,3.042,33.8451,13.1962,6.0215,3.6136,,7.5703,0.092,0.051,1.221,1.105,44.736,27.1334,3.948,117.0,13.5,0.3697,-0.003,1775.0,1015.0,9822218,15319034300,8190512329.0,26.65,369.428,471.66,-50.7443,1767031046144.0,7133538025472,429546995712,3225366036480,727793008640,-777353887744.0,1137837998080,Healthcare,Medical Care Facilities,Financial Services,1694.5834,strong_buy,,0.08449
PT Bukit Asam (Persero) Tbk,PTBA.JK,2890.0,33276490153984,32045331906560,9.9631,7.0676,0.38,1.48,0.7802,,7.273,0.751,14.6702,7.0364,6.8695,6.6716,,7.6977,-0.065,-0.183,1.119,0.707,17.055,8.7829,13.4792,1158.0,332.44,1.3088,-0.38,3220.0,2170.0,32394650,11514357245,3776939465.0,290.07,1952.668,3702.195,157.3986,4405835857920.0,42651722186752,2929957011456,3857182883840,4991144165376,1812343685120.0,6260828143616,Energy,Thermal Coal,Healthcare,2766.3635,hold,,0.06184
PT Industri Jamu dan Farmasi Sido Muncul Tbk,SIDO.JK,478.0,14070025551872,13552679124992,12.3674,11.9232,111.63,4.509,3.4488,,8.157,3.322,57.9728,37.3401,30.13,33.3852,,38.4777,0.045,0.057,3.86,2.91,0.132,0.1116,934.5699,777.0,37.0,1.1128,0.069,585.0,460.0,12766170,29435200000,6139594016.0,38.65,106.01,137.268,32.3559,1661431054336.0,4079658991616,1229201997824,4110000128,462592999424,952402771968.0,1253401034752,Healthcare,Drug Manufacturers - Specialty & Generic,Healthcare,601.1111,buy,,0.05844
PT Jayamas Medica Industri Tbk,OMED.JK,282.0,7616289832960,6387341459456,20.7658,,,2.7996,3.4623,,13.017,2.904,34.7655,18.884,17.7801,11.4749,,10.5243,0.312,0.354,11.08,7.412,9.381,6.758,22.6814,129.0,3.57,0.2631,0.236,318.0,159.0,18967372,27008119900,3970193625.0,13.58,100.727,81.387,2.4937,490694148096.0,2199749656576,392554643456,267513544704,1367327375360,67348946944.0,334880931840,Healthcare,Medical Instruments & Supplies,Healthcare,253.0,none,,0.03431
PT Kalbe Farma Tbk.,KLBF.JK,895.0,40497728978944,36336799055872,11.2338,11.9636,1.27,1.6668,1.1183,,6.873,1.003,39.266,12.8665,10.3752,11.9384,,14.3358,0.094,-0.035,3.556,1.993,1.187,0.9684,128.9476,416.0,36.0,0.4518,,1600.0,850.0,46902838,45248860110,18030765777.0,79.67,536.97,797.413,52.5785,5286783877120.0,36214715449344,3617152040960,305598988288,4546501804032,2379115659264.0,3190307946496,Healthcare,Drug Manufacturers - General,Healthcare,1521.3334,strong_buy,,0.11395001
PT Mark Dynamics Indonesia Tbk,MARK.JK,820.0,3116000083968,2944269811712,10.4792,,,3.4631,3.5204,,7.855,3.326,50.4417,41.838,33.9036,27.7564,,30.6751,0.235,0.192,6.733,4.324,0.628,6.4491,232.4885,1111.0,90.0,0.8948,0.312,905.0,585.0,9921961,3800000310,749816061.0,78.25,236.783,232.926,44.2942,374848978944.0,885117353984,297293611008,6183241216,142781431808,168317878272.0,299074945024,Healthcare,Medical Instruments & Supplies,Healthcare,,none,,0.00011
PT Mitra Keluarga Karyasehat Tbk,MIKA.JK,1885.0,26214037192704,24586525605888,18.9924,19.926,1.25,3.4591,4.8075,,11.967,4.509,54.7393,30.819,25.4233,14.7286,,15.6903,0.066,0.048,4.537,4.23,0.111,0.1031,95.5641,226.0,43.0,0.4335,,2820.0,1885.0,2420272,13906650800,4733133179.0,99.25,544.934,392.081,29.205,2054584401920.0,5452682231808,1379643949056,9423562752,2855298138112,406143991808.0,1945097732096,Healthcare,Medical Care Facilities,Healthcare,3026.0,strong_buy,,0.06226
PT Tempo Scan Pacific Tbk,TSPC.JK,2460.0,11094266478592,7718272761856,8.2302,,0.44,1.207,0.7844,,4.071,0.546,38.0187,12.1607,10.0447,10.7508,,13.3435,0.042,-0.143,3.326,2.374,11.214,8.107,25.7185,820.0,200.0,0.6689,,3220.0,2120.0,1308614,4509864300,426096677.0,298.9,2038.179,3134.451,169.8021,1896001830912.0,14143062016000,1349320966144,1122400468992,4875688607744,765784424448.0,1663908577280,Industrials,Conglomerates,Healthcare,,none,,0.010620001
PT Indosat Ooredoo Hutchison Tbk,ISAT.JK,2140.0,69016735449088,121109026439168,12.1343,10.7381,0.78,1.9002,1.1867,,5.679,2.082,57.8392,19.6954,9.7486,4.6444,,10.1045,0.121,0.138,0.563,0.282,133.421,46.2912,2.6648,393.0,83.8,0.475,-0.301,2600.0,1615.0,19568248,32250810956,8378115670.0,176.36,1126.181,1803.395,243.321,21324923666432.0,58160937172992,5689966067712,54753551712256,5564425830400,7847301087232.0,22007957684224,Communication Services,Telecom Services,Infrastructure & Utilities,2763.9473,strong_buy,,0.11494
PT Astra International Tbk,ASII.JK,5850.0,234373328666624,356863933677568,7.4534,7.6186,0.77,1.0277,0.7354,,6.24,1.12,22.0921,11.9561,10.1329,6.4587,,8.7062,-0.056,-0.146,1.214,0.888,39.859,21.7399,10.3548,678.0,390.0,0.5172,0.064,7475.0,4400.0,38133803,40063816240,17803158023.0,784.88,5692.237,7898.854,393.0573,57191998423040.0,318698988503040,31686999932928,116834997108736,50695998799872,15747374907392.0,37586999443456,Industrials,Conglomerates,Insurance,6969.0,buy,,0.18399
PT Selamat Sempurna Tbk,SMSM.JK,1865.0,10739929579520,9957736972288,9.7161,10.2091,9140.97,2.8201,2.0203,,6.036,1.873,37.0523,28.1373,21.0666,21.7831,,26.5082,-0.018,-0.066,5.937,3.717,3.671,3.3503,91.3742,753.0,140.0,0.599,,2050.0,1655.0,1862385,5758675440,2386107169.0,191.95,661.329,922.506,137.7721,1649820041216.0,5315922231296,1108074037248,168266006528,1441790951424,793384779776.0,1293444972544,Consumer Cyclical,Auto Parts,Manufacturing,2500.0,buy,,0.26075
